1,Lockwood,Rivallant,lrivallant0@nature.com,VP Accounting,Tongda
2,Wendall,Antonioni,wantonioni1@icq.com,Sales Representative,Jājarm
3,Koralle,O'Corrin,kocorrin2@rambler.ru,Software Consultant,Shanghu
4,Bev,Batchelder,bbatchelder3@craigslist.org,Geologist II,Lugo
5,Tressa,Ruter,truter4@naver.com,Actuary,Amiens
1,Lockwood,Rivallant,lrivallant0@nature.com,VP Accounting,Tongda
2,Wendall,Antonioni,wantonioni1@icq.com,Sales Representative,Jājarm
3,Koralle,O'Corrin,kocorrin2@rambler.ru,Software Consultant,Shanghu
4,Bev,Batchelder,bbatchelder3@craigslist.org,Geologist II,Lugo
5,Tressa,Ruter,truter4@naver.com,Actuary,Amiens
1,Lockwood,Rivallant,lrivallant0@nature.com,VP Accounting,Tongda
2,Wendall,Antonioni,wantonioni1@icq.com,Sales Representative,Jājarm
3,Koralle,O'Corrin,kocorrin2@rambler.ru,Software Consultant,Shanghu
4,Bev,Batchelder,bbatchelder3@craigslist.org,Geologist II,Lugo
5,Tressa,Ruter,truter4@naver.com,Actuary,Amiens
1,Lockwood,Rivallant,lrivallant0@nature.com,VP Accounting,Tongda
2,Wendall,Antonioni,wantonioni1@icq.com,Sales Representative,Jājarm
3,Koralle,O'Corrin,kocorrin2@rambler.ru,Software Consultant,Shanghu
4,Bev,Batchelder,bbatchelder3@craigslist.org,Geologist II,Lugo
5,Tressa,Ruter,truter4@naver.com,Actuary,Amiens
1,Lockwood,Rivallant,lrivallant0@nature.com,VP Accounting,Tongda
2,Wendall,Antonioni,wantonioni1@icq.com,Sales Representative,Jājarm
3,Koralle,O'Corrin,kocorrin2@rambler.ru,Software Consultant,Shanghu
4,Bev,Batchelder,bbatchelder3@craigslist.org,Geologist II,Lugo
5,Tressa,Ruter,truter4@naver.com,Actuary,Amiens
1,Lockwood,Rivallant,lrivallant0@nature.com,VP Accounting,Tongda
2,Wendall,Antonioni,wantonioni1@icq.com,Sales Representative,Jājarm
3,Koralle,O'Corrin,kocorrin2@rambler.ru,Software Consultant,Shanghu
4,Bev,Batchelder,bbatchelder3@craigslist.org,Geologist II,Lugo
5,Tressa,Ruter,truter4@naver.com,Actuary,Amiens
1,Lockwood,Rivallant,lrivallant0@nature.com,VP Accounting,Tongda
2,Wendall,Antonioni,wantonioni1@icq.com,Sales Representative,Jājarm
3,Koralle,O'Corrin,kocorrin2@rambler.ru,Software Consultant,Shanghu
4,Bev,Batchelder,bbatchelder3@craigslist.org,Geologist II,Lugo
5,Tressa,Ruter,truter4@naver.com,Actuary,Amiens